Output,Period,Inter-event mean,Inter-region mean,Intra-event mean,tau,phi_r,phi,sigma
0.01s,0.01,-0.0002374503573664261,2.9977392772240944e-18,2.393205576827552e-18,0.37672380506088055,1.0863790550550424e-17,0.7145704385121835,0.8077943654761666
0.02s,0.02,-0.0003096401447625835,-6.462901518672321e-18,-2.393205576827552e-18,0.379776447704562,7.612017684002799e-18,0.7169327912440969,0.811309298228578
0.022s,0.022,-0.0006588819179180064,1.944479531172385e-18,-7.977351922758506e-19,0.3801926089778453,1.1848856035160474e-17,0.7185520580062871,0.8129351019524568
0.025s,0.025,-0.001330383309925658,3.68952526427581e-18,2.393205576827552e-18,0.38216777309374755,1.3482974778568739e-17,0.7210338376161677,0.8160526954669853
0.029s,0.029,-0.0011397585503008984,-6.257235414413704e-18,-3.988675961379253e-18,0.38616865943542616,1.4637927684626673e-17,0.7245153380791945,0.8210046946529379
0.03s,0.03,-0.0013123732178752015,-1.3860648965792906e-17,-5.5841463459309545e-18,0.38775223335792275,1.2924798244939359e-17,0.7259526252259257,0.8230182309927712
0.032s,0.032,-0.0011732161920095638,-4.5869773555861404e-18,-1.5954703845517013e-18,0.3889055565574997,9.356948050725372e-18,0.7283927190172554,0.8257139244548617
0.035s,0.035,-0.0012806354755415996,1.0719566646206733e-18,1.5954703845517013e-18,0.3908865071043101,1.2888630003428716e-17,0.7331410099256673,0.8308357249607382
0.036s,0.036,-0.0011397151743690374,-1.4957534855172203e-18,-1.5954703845517013e-18,0.3949610574968048,1.5155884155195462e-17,0.7341953383570136,0.8336888099309981
0.04s,0.04,-0.0012116090967342523,2.318417902551691e-18,7.977351922758506e-19,0.39770818232808497,7.401105089187903e-18,0.7412163923197218,0.8411739050482802
0.042s,0.042,-0.0015001789334789862,-1.0071406802482615e-17,-7.977351922758506e-18,0.399268166468719,1.0476728490227967e-17,0.7453990634029867,0.8455973228891767
0.044s,0.044,-0.0012458850836521717,1.6926943611103205e-17,7.179616730482656e-18,0.40340374265315926,1.5571566631445766e-17,0.7485970195290779,0.8503717288541494
0.045s,0.045,-0.0014987687421721195,-1.0894071219517082e-17,-1.0370557499586058e-17,0.4037302523382632,2.3750740262946393e-17,0.7505619619967442,0.8522566370815305
0.046s,0.046,-0.0015897255850415718,-3.988675961379254e-18,-3.988675961379253e-18,0.405454353186132,1.2579747439465863e-17,0.7522401126913976,0.8545515898174616
0.048s,0.048,-0.0022075740099219408,6.257235414413701e-18,9.572822307310208e-18,0.4061622814559914,9.967347582954041e-18,0.7565954652883929,0.8587225960532865
0.05s,0.05,-0.0022816118121467563,-8.650440991241253e-18,-3.988675961379253e-18,0.4077099609969332,8.59530535805954e-18,0.760534763557732,0.8629255697196231
0.055s,0.055,-0.0032475867511498014,6.6685676229309395e-18,2.393205576827552e-18,0.41508301975918427,1.0216898931705884e-17,0.7705796632530872,0.8752639206043196
0.06s,0.06,-0.0037732382135657458,-7.603413551379202e-18,-7.977351922758506e-18,0.41790203769748535,1.2570184216289954e-17,0.7806002646207494,0.885425821984933
0.065s,0.065,-0.0037513992839241276,6.2572354144137045e-18,4.786411153655104e-18,0.42408468466643556,9.673037082762796e-18,0.7900244754394522,0.8966529381884675
0.067s,0.067,-0.003774154556634602,1.1218151141379152e-18,0.0,0.4262432661105802,6.17106754413095e-18,0.7939689607671965,0.9011492842844392
0.07s,0.07,-0.0034509833316857755,-8.276502619861951e-18,-4.786411153655104e-18,0.4266546221376751,4.9449555892959865e-18,0.8005169739185423,0.9071171876461951
0.075s,0.075,-0.004085110271303524,-7.017576769551624e-18,-1.5954703845517013e-18,0.4309227735483739,1.3005911989562681e-17,0.8086986445548046,0.9163448774710323
0.08s,0.08,-0.003848285641611983,-2.1563779416206583e-18,-1.5954703845517013e-18,0.43321645354954463,9.101141959910236e-18,0.8166554758838396,0.9244472196491832
0.085s,0.085,-0.002649885638114347,2.592639374896517e-18,1.5954703845517013e-18,0.434843162996577,1.8864422625416717e-17,0.8226898430710435,0.930541323261426
0.09s,0.09,-0.0014560145528000285,2.3433471273103097e-18,4.786411153655104e-18,0.4363068256726728,1.5737023269049084e-17,0.827401679145396,0.935391460716413
0.095s,0.095,-0.0005043577309373627,-9.597751532068816e-19,0.0,0.43792784966505277,9.369496736646457e-18,0.8312958234163575,0.939592224074751
0.1s,0.1,-3.6486653344733054e-05,-1.0096336027241235e-17,-7.977351922758506e-18,0.4383943893060657,1.373598711646913e-17,0.8326557999327189,0.9410129232569733
0.11s,0.11,-0.001340011453968221,9.560357694930895e-18,2.393205576827552e-18,0.43793426101308774,7.680553700548687e-18,0.8344084556688064,0.9423501938561278
0.12s,0.12,-0.00043426943231600297,-2.2934886777930714e-18,0.0,0.43515058392163336,9.852483861073796e-18,0.8352195965973211,0.9417790639144249
0.13s,0.13,-0.0010966312410671045,-8.725228665517116e-19,-3.988675961379253e-18,0.4286841072137593,3.177471582600937e-17,0.8335631979693828,0.9373354089047327
0.133s,0.133,-0.0008491774174896107,-3.9263528994827025e-18,0.0,0.42943598201169364,1.1874777973490187e-17,0.8320760174614543,0.9363577102159527
0.14s,0.14,-1.3240973310339614e-05,9.58528691968952e-18,6.381881538206805e-18,0.4269970602212259,1.484615468594938e-17,0.8299951776620205,0.9333908529548477
0.15s,0.15,0.0013339370153738785,-4.611906580344765e-19,-1.5954703845517013e-18,0.4234912996994946,1.2484029309894142e-17,0.8280416920120877,0.9300526461611774
0.16s,0.16,0.0019486065714689439,-1.0769425095723984e-17,-8.775087115034357e-18,0.4216987396162339,9.435648921870392e-18,0.8264794461969043,0.9278459473317011
0.17s,0.17,0.0025926326605927373,-6.868001420999902e-18,-2.393205576827552e-18,0.41881117834281667,1.107949171659886e-17,0.8225915113175177,0.9230707435492344
0.18s,0.18,0.0024042100870188383,5.534287896413713e-18,3.988675961379253e-18,0.41570649312766417,6.59319843722624e-18,0.8182585390397891,0.9178011359439641
0.19s,0.19,0.00319569522606742,1.6577934464482518e-18,-7.977351922758506e-19,0.4131334571703263,1.2732674345186224e-17,0.813497855250415,0.9123913710302892
0.2s,0.2,0.0037011871504434983,2.9790423586551302e-18,-7.977351922758506e-19,0.41139729136064934,1.5082216840126374e-17,0.809510618898449,0.9080502042553753
0.22s,0.22,0.0037660384005449394,-1.7712214190999745e-17,-1.6752439037792864e-17,0.4088405267948326,1.1718647590043953e-17,0.7990538484230535,0.8975731886757583
0.24s,0.24,0.004523381151453908,4.474795844172348e-18,1.5954703845517013e-18,0.40799092112727625,2.136984455698982e-17,0.7881652304497341,0.8875026885661619
0.25s,0.25,0.005026151286968944,-7.46941896830162e-18,-4.786411153655104e-18,0.40536158783038434,1.1490606362292601e-17,0.7830327178434575,0.8817359321824659
0.26s,0.26,0.006564028626829434,6.201144658706801e-19,7.977351922758506e-19,0.40209997127329733,8.260452924006354e-18,0.7775158300132554,0.8753372223430168
0.28s,0.28,0.006226575955610986,2.3433471273103117e-18,2.393205576827552e-18,0.3969575584950955,1.738040619031547e-17,0.7696499973350968,0.8659886960257054
0.29s,0.29,0.005348203250829346,3.141082319586164e-18,4.786411153655104e-18,0.3954884589653167,2.0247105397977827e-17,0.7636761949697317,0.8600072394684877
0.3s,0.3,0.00554724523870533,6.85553680862059e-18,3.988675961379253e-18,0.39238201920576554,1.5646761594505094e-17,0.7580940135615089,0.8536218029044191
0.32s,0.32,0.0051752714099476856,-4.150715922310286e-18,-4.786411153655104e-18,0.39127346473203295,1.2791359617158243e-17,0.7465710152220228,0.8428897940852358
0.34s,0.34,0.004570941347497495,-6.3444877010688746e-18,-3.1909407691034026e-18,0.3889157559119954,4.938858775271815e-18,0.7376520559265082,0.8338980877836351
0.35s,0.35,0.004215721883991287,-1.6453288340689414e-18,2.393205576827552e-18,0.3879645463650651,1.3770238158788726e-17,0.7335724873729974,0.8298464216147812
0.36s,0.36,0.004077426473250012,2.6798916615516855e-18,1.5954703845517013e-18,0.3850006214779072,6.634201052612119e-18,0.7300266371916319,0.8253268258985026
0.38s,0.38,0.0036905850425021994,5.484429446896471e-19,7.977351922758506e-19,0.38263047436426884,1.484648902082195e-17,0.723099892312723,0.8180950642650872
0.4s,0.4,0.004340044164384617,-6.444204600103356e-18,-2.393205576827552e-18,0.3807039180767805,1.347495107985924e-17,0.7186695869897103,0.8132782110095984
0.42s,0.42,0.005977541478134331,-2.2685594530344485e-18,0.0,0.3777419341662308,9.62032333829838e-18,0.7147959864086539,0.808469090945081
0.44s,0.44,0.006112294783691625,-3.739383713793036e-19,1.5954703845517013e-18,0.37518048330925524,1.2084697770314594e-17,0.7102699617666183,0.8032706976132764
0.45s,0.45,0.005720475527266839,1.6203996093103216e-19,-5.5841463459309545e-18,0.3727700964054689,1.492199304828317e-17,0.7086031244335206,0.8006721755694336
0.46s,0.46,0.005508861633842963,-3.116153094827549e-19,0.0,0.37114989227954265,8.378455747891903e-18,0.7065577845238182,0.798107853244361
0.48s,0.48,0.005679400014944794,-6.75581990958611e-18,-3.988675961379253e-18,0.36951746215307785,1.125508731242648e-17,0.7036252027918994,0.7947525280488216
0.5s,0.5,0.00533967172994861,2.30595329017238e-18,2.393205576827552e-18,0.3677860094476129,6.910447598783151e-18,0.6995701086297719,0.7903574416893097
0.55s,0.55,0.002842833226821661,1.6203996093103216e-19,4.786411153655104e-18,0.3669104197428879,1.8089180574852283e-17,0.6956166607123698,0.7864513937787448
0.6s,0.6,0.0024398745730335263,9.124096261655042e-18,7.179616730482656e-18,0.3619521170030341,1.1272989877649601e-17,0.6912526830881898,0.7802817483957954
0.65s,0.65,0.002373181216633002,4.586977355586142e-18,-1.5954703845517013e-18,0.3582798757871597,1.466070293171479e-17,0.6863075736809677,0.7741980076736955
0.667s,0.667,0.0016156604764249029,-2.430599413965482e-18,0.0,0.3592468123530108,9.035686311357297e-18,0.6842114331113207,0.7727894651106773
0.7s,0.7,9.351844372710762e-05,-8.725228665517117e-18,-4.786411153655104e-18,0.3620989324847119,1.0619271450699838e-17,0.6822386590371184,0.7723763491921108
0.75s,0.75,0.0022595141528768754,2.517851700620654e-18,-7.977351922758506e-19,0.36363169674546003,1.2414155557611537e-17,0.6805435669651199,0.7716006463291686
0.8s,0.8,0.0018741677799247233,-5.983013942068876e-19,-1.5954703845517013e-18,0.36555644243456575,4.5601524965575064e-18,0.6808596617618419,0.7727880638440696
0.85s,0.85,0.001687730578114823,-6.132589290620602e-18,7.977351922758506e-19,0.36441955122968295,7.971020907078303e-18,0.6790934235348951,0.770694159317941
0.9s,0.9,0.0006637466290794402,6.05780161634474e-18,0.0,0.3624724298765647,1.1341960595252717e-17,0.6767078219279927,0.7676716346714584
0.95s,0.95,0.0006956201630014742,-2.293488677793071e-18,2.393205576827552e-18,0.36394559233056284,5.712551596554335e-18,0.6768635037808,0.7685054306426632
1.0s,1.0,0.0012845189273947607,3.901423674724082e-18,3.1909407691034026e-18,0.3644831059604469,1.1022654575994639e-17,0.6759901642556494,0.7679912998862385
1.1s,1.1,-7.276295424141948e-05,-1.403515353910325e-17,-7.977351922758506e-18,0.36320943560464497,1.034731431070436e-17,0.673699561013634,0.7653706243528086
1.2s,1.2,-0.0018136534259201283,-2.0691256549654874e-18,-2.393205576827552e-18,0.3642220339837471,1.1550213189305702e-17,0.675308757826283,0.7672676250410512
1.3s,1.3,-0.002680856121491102,-3.3155868928965044e-18,-5.5841463459309545e-18,0.3634497539149622,8.304351217285878e-18,0.6784043853681653,0.769628633632874
1.4s,1.4,-0.003996886993030008,-4.2878266584826965e-18,-3.988675961379253e-18,0.36700431638112213,1.332153893852457e-17,0.6791333244976284,0.7719548177747036
1.5s,1.5,-0.004635204322999569,8.849874789310204e-19,7.977351922758506e-19,0.3711816450270915,9.646705090978003e-18,0.6798421299372338,0.7745715817421992
1.6s,1.6,-0.005440776775308674,6.169983127758532e-18,1.0370557499586058e-17,0.3746096445718213,8.162158400181528e-18,0.6823714926771252,0.7784364070523899
1.7s,1.7,-0.004807482648160116,-2.293488677793069e-18,-3.988675961379253e-18,0.37749965199847485,1.1530629483420439e-17,0.6819589194330895,0.7794703041510412
1.8s,1.8,-0.004034150547000869,-2.492922475862034e-18,-2.393205576827552e-18,0.3792577174553323,3.795060346797151e-18,0.6802077631930713,0.7787933084956176
1.9s,1.9,-0.003846958791877772,-9.44817618351711e-18,-6.381881538206805e-18,0.3769120933334564,4.212132838439825e-18,0.678143086767709,0.7758484209121294
2.0s,2.0,-0.0040080093909314225,-2.21870100351721e-18,-7.977351922758506e-19,0.37596084779567396,1.117905796791474e-17,0.6758210827664975,0.7733567708289125
2.2s,2.2,-0.0033013329589055966,-1.396659817101704e-17,-7.179616730482656e-18,0.36967398368524657,1.5552800701094077e-17,0.6725233200518583,0.7674284789003429
2.4s,2.4,-0.004532390180857561,3.2781930557585746e-18,-7.179616730482656e-18,0.3619879329607557,1.8080735888508834e-17,0.6670191411680189,0.7589135644417763
2.5s,2.5,-0.004536783812894194,5.160349525034409e-18,7.977351922758506e-19,0.3611259357953998,1.0208512153638972e-17,0.6641210141775664,0.7559554636196121
2.6s,2.6,-0.005155287085949065,-6.7558199095861134e-18,0.0,0.3603158902576662,7.056983845181153e-18,0.6606194146733665,0.7524928915382231
2.8s,2.8,-0.004185967396993427,-9.049308587379181e-18,-3.1909407691034026e-18,0.3593604800653898,1.094362321023406e-17,0.6543546648089567,0.7465386674446739
3.0s,3.0,-0.004894821677824328,3.7643129385516704e-18,3.988675961379253e-18,0.35434392526124514,9.71586519931867e-18,0.6508761063469194,0.7410798359035774
3.2s,3.2,-0.004403542356121672,-2.0192672054482475e-18,-1.5954703845517013e-18,0.35530618922133556,8.813230752318079e-18,0.6459240413877115,0.737197636554555
3.4s,3.4,-0.004571047148467932,-1.7263488145344574e-18,7.977351922758506e-19,0.3573224520525827,9.365436256014443e-18,0.6411877416278123,0.7340306906081274
3.5s,3.5,-0.0050301144838243985,-2.891790071999959e-18,-2.393205576827552e-18,0.3573315291363157,6.511657879903657e-18,0.6401423557368641,0.7331221298823543
3.6s,3.6,-0.005251820054253058,-8.856107095499872e-18,-2.7920731729654773e-18,0.3573149695819471,8.29885407815308e-18,0.6390714975859416,0.7321791901673291
3.8s,3.8,-0.004865812212834811,-7.478767427586082e-20,-4.3875435575171786e-18,0.3565139962405621,6.747796294107842e-18,0.6349212813661669,0.7281670571009586
4.0s,4.0,-0.004010037675599172,-2.704820886310305e-18,-3.1909407691034026e-18,0.35754343647122694,1.1008850911442671e-17,0.6284340077762522,0.7230260099701649
4.2s,4.2,-0.003347311496494717,2.9042546843792687e-18,0.0,0.35872031239804275,6.274733273462116e-18,0.6218946792755238,0.7179368040699375
4.4s,4.4,-0.0036856840434752137,-6.581315336275768e-18,-6.381881538206805e-18,0.35912185921510437,1.3450117933367148e-17,0.6156957553566528,0.7127761029455971
4.6s,4.6,-0.003968907066409753,3.2532638309999533e-18,4.786411153655104e-18,0.3576789040105017,9.936461583123635e-18,0.6108343994564345,0.7078508754910575
4.8s,4.8,-0.0037823909376083205,4.0136051861378726e-18,5.5841463459309545e-18,0.3564325600050686,1.5212035481017763e-17,0.605172535993394,0.7023375030229004
5.0s,5.0,-0.004402544350627892,-3.988675961379254e-19,0.0,0.3553398138041688,8.662671391894217e-18,0.5998345539852492,0.6971856821744579
5.5s,5.5,-0.003953828641523999,-1.620399609310327e-19,1.5954703845517013e-18,0.3549807813247052,6.062490634876861e-18,0.5847279574891502,0.6840454220147457
6.0s,6.0,-0.0021567613631204847,8.101998046551605e-18,7.179616730482656e-18,0.348554919445539,9.233834733757832e-18,0.5725270803092277,0.6702818732123785
6.5s,6.5,-0.0008950768346763333,-1.271390462689637e-17,-6.7807491343447305e-18,0.34447428426690807,1.0735086804634926e-17,0.5617607890070812,0.6589671589594256
7.0s,7.0,0.00015516538465542407,3.888959062344772e-18,0.0,0.3454801651009945,7.655585808868397e-18,0.5543802714312562,0.6532182099654018
7.5s,7.5,0.0014090723748025902,-7.142222893344725e-18,-5.5841463459309545e-18,0.34965580528263124,6.6937709389170696e-18,0.5445083561920422,0.6471078211015574
8.0s,8.0,0.002577388138041752,7.865170411344713e-18,-1.5954703845517013e-18,0.3490597073326213,1.1823970445051905e-17,0.5369860123278317,0.6404659684314862
8.5s,8.5,0.0025501684211243682,-3.3654453424137443e-18,-1.196602788413776e-18,0.3456350648259232,1.606311273665592e-17,0.5267417644854464,0.6300162573223501
9.0s,9.0,0.0026205851576120895,-5.284995648827511e-18,-2.7920731729654773e-18,0.341955008244633,8.217404152095985e-18,0.5180712038082956,0.6207503522987028
9.5s,9.5,0.002555707163145878,-9.398317733999866e-18,-3.1909407691034026e-18,0.34055480658762277,6.3525635629952515e-18,0.5101759747328927,0.6133979959900344
10.0s,10.0,0.0021337921312579956,4.001140573758566e-18,-3.988675961379253e-19,0.33977866836096005,1.0031247849570269e-17,0.49986701495884267,0.6044142421526905
PGA,0.0,5.87862491038366e-05,-9.205116242120557e-18,-6.381881538206805e-18,0.37615323587526467,1.2298375317334589e-17,0.7133450072036813,0.8064442672385072
PGV,-1.0,0.0013455844730808698,2.2810240654137605e-18,3.1909407691034026e-18,0.31814733926160305,5.204417046500311e-18,0.5548123328546417,0.6395580146998764
PGD,-2.0,0.0015793541748110298,-7.578484326620578e-18,-2.692356273930996e-18,0.31647314521660314,1.1384981189761145e-17,0.5335359040993839,0.6203352421122277
