Model,Period_s,RMSE,R2,Sigma,Bias
ANN,0.01,0.82979447,0.8775331974029541,0.8297918,-0.002182219
ANN,0.02,0.8332351,0.876821756362915,0.8332342,0.0013727352
ANN,0.022,0.83684856,0.8758195638656616,0.8368476,-0.000984029
ANN,0.025,0.83831424,0.8755494952201843,0.8383148,-0.0002032352
ANN,0.029,0.84533626,0.8739764094352722,0.84533435,0.0016542376
ANN,0.03,0.84656143,0.8737442493438721,0.8465589,0.0019799785
ANN,0.032,0.8491804,0.8732689619064331,0.84917796,0.0021018654
ANN,0.035,0.8564563,0.871683657169342,0.85645604,0.00036728993
ANN,0.036,0.8580552,0.8714020252227783,0.85805506,0.0008806537
ANN,0.04,0.86469316,0.8700075149536133,0.8646907,0.0020653885
ANN,0.042,0.87108546,0.8684862852096558,0.87108034,0.0028323194
ANN,0.044,0.8787804,0.8665021061897278,0.87878025,-0.00040740304
ANN,0.045,0.88140386,0.8658066391944885,0.8813981,0.0031495707
ANN,0.046,0.88516104,0.8647922277450562,0.8851591,0.0014714296
ANN,0.048,0.8846652,0.8652363419532776,0.884651,0.005081516
ANN,0.05,0.88955903,0.8640063405036926,0.88954425,0.0051217694
ANN,0.055,0.9057055,0.8598787784576416,0.90566957,0.008024619
ANN,0.06,0.91634,0.8573843240737915,0.91628987,0.0096442
ANN,0.065,0.9312078,0.8538817763328552,0.93118066,0.0070633553
ANN,0.067,0.9337706,0.853505551815033,0.93371236,0.010423003
ANN,0.07,0.94302195,0.8512387275695801,0.9429528,0.011348282
ANN,0.075,0.95471376,0.8486872315406799,0.9546094,0.014095047
ANN,0.08,0.96341634,0.8472604155540466,0.9633491,0.011384261
ANN,0.085,0.96935374,0.8463370203971863,0.96931845,0.008288402
ANN,0.09,0.97798663,0.8445233106613159,0.9779841,0.00208102
ANN,0.095,0.9810404,0.8443888425827026,0.98103875,0.0006555313
ANN,0.1,0.9808027,0.8450852632522583,0.9808015,-0.0013881702
ANN,0.11,0.98328924,0.8448742628097534,0.9832891,0.00096514873
ANN,0.12,0.98296094,0.8451410531997681,0.9829593,0.0020072854
ANN,0.13,0.9817941,0.8455913066864014,0.98179287,0.0018112364
ANN,0.133,0.9720858,0.8486002683639526,0.9720791,0.0036052943
ANN,0.14,0.97018147,0.8490483164787292,0.97017056,-0.0045562754
ANN,0.15,0.9600132,0.851777195930481,0.9599907,-0.0064898888
ANN,0.16,0.9578245,0.8521208167076111,0.9577892,-0.008264912
ANN,0.17,0.95683837,0.8521155714988708,0.9567767,-0.010845593
ANN,0.18,0.946681,0.8550790548324585,0.94661874,-0.010822851
ANN,0.19,0.93931973,0.8571702241897583,0.9392089,-0.014417862
ANN,0.2,0.93455625,0.8575408458709717,0.9344425,-0.0145342
ANN,0.22,0.9223405,0.8593974113464355,0.9222112,-0.015430553
ANN,0.24,0.9124452,0.8608776330947876,0.9122747,-0.017621
ANN,0.25,0.9056812,0.8625612258911133,0.90549356,-0.01839658
ANN,0.26,0.8987856,0.8643695116043091,0.8984988,-0.02271277
ANN,0.28,0.89004946,0.8664145469665527,0.8897301,-0.02387073
ANN,0.29,0.8826983,0.8684486150741577,0.88235795,-0.024479644
ANN,0.3,0.8789053,0.8693430423736572,0.87854725,-0.025096184
ANN,0.32,0.8636394,0.8732309341430664,0.8632952,-0.02440119
ANN,0.34,0.85168594,0.8761283755302429,0.8514168,-0.02138968
ANN,0.35,0.8485998,0.8765518665313721,0.8483866,-0.019000141
ANN,0.36,0.84213865,0.8779581189155579,0.8419339,-0.01855502
ANN,0.38,0.8349435,0.879169762134552,0.83469814,-0.020218726
ANN,0.4,0.82994264,0.8797701597213745,0.82961196,-0.02342687
ANN,0.42,0.82154477,0.8812018036842346,0.8210834,-0.027533896
ANN,0.44,0.812914,0.883095383644104,0.81240827,-0.028659077
ANN,0.45,0.8068354,0.8845324516296387,0.8063519,-0.027934622
ANN,0.46,0.8026593,0.885488748550415,0.8021954,-0.027270228
ANN,0.48,0.7963012,0.8868486285209656,0.7959205,-0.024617849
ANN,0.5,0.78985435,0.8879685401916504,0.78947014,-0.02461453
ANN,0.55,0.78097993,0.8890896439552307,0.78081113,-0.016260425
ANN,0.6,0.7749464,0.88945472240448,0.7747443,-0.01776188
ANN,0.65,0.7666565,0.8907163739204407,0.7664539,-0.017629536
ANN,0.667,0.7675631,0.8901620507240295,0.76732934,-0.018937597
ANN,0.7,0.76884204,0.8893613219261169,0.76871765,-0.013812242
ANN,0.75,0.76998466,0.8881905674934387,0.769755,-0.018834786
ANN,0.8,0.77372557,0.8866256475448608,0.77350366,-0.01852211
ANN,0.85,0.7688717,0.8873105645179749,0.7687196,-0.015310391
ANN,0.9,0.7700297,0.8865466117858887,0.7698481,-0.01672005
ANN,0.95,0.76677257,0.8871190547943115,0.7666079,-0.015880728
ANN,1.0,0.7631098,0.8876293301582336,0.76289266,-0.01821467
ANN,1.1,0.7596197,0.8879767060279846,0.75949866,-0.013567174
ANN,1.2,0.76090926,0.886506974697113,0.7608681,-0.00793084
ANN,1.3,0.76595396,0.8843646049499512,0.76594824,-0.002733476
ANN,1.4,0.77061874,0.8827236294746399,0.77061826,-0.0008357823
ANN,1.5,0.77015036,0.8823496103286743,0.770146,0.00223499
ANN,1.6,0.770593,0.8819253444671631,0.77059376,-0.00019908254
ANN,1.7,0.7777703,0.8791475296020508,0.77776986,-0.0011253601
ANN,1.8,0.7740748,0.8802738785743713,0.7740683,-0.0032422065
ANN,1.9,0.7752309,0.8802591562271118,0.77521265,-0.0053678234
ANN,2.0,0.7718512,0.8814988732337952,0.7718365,-0.004859034
ANN,2.2,0.76817405,0.8824942708015442,0.7681547,-0.005448028
ANN,2.4,0.76194555,0.8850560784339905,0.76193696,-0.0037846724
ANN,2.5,0.75924397,0.8860083818435669,0.7592254,-0.0053417194
ANN,2.6,0.75405043,0.8878560066223145,0.7540383,-0.00437565
ANN,2.8,0.7480968,0.890060544013977,0.7480731,-0.00600321
ANN,3.0,0.7408219,0.8923342227935791,0.7408079,-0.0044747265
ANN,3.2,0.7392612,0.8933749198913574,0.7392352,-0.0062457104
ANN,3.4,0.73808044,0.8944904208183289,0.7380568,-0.00580499
ANN,3.5,0.732063,0.8965418338775635,0.73204875,-0.0044481517
ANN,3.6,0.7294135,0.8973706364631653,0.729402,-0.0040229894
ANN,3.8,0.72766274,0.8980334997177124,0.72764766,-0.0046933107
ANN,4.0,0.7220764,0.9000061750411987,0.7220531,-0.005929982
ANN,4.2,0.71564496,0.9019472599029541,0.7156344,-0.003923049
ANN,4.4,0.7102569,0.9036856293678284,0.7102488,-0.0033642997
ANN,4.6,0.7021177,0.9061862230300903,0.70210934,-0.0034939395
ANN,4.8,0.69377404,0.9086951017379761,0.6937636,-0.003860953
ANN,5.0,0.69000787,0.9099957346916199,0.6899729,-0.0069914083
ANN,5.5,0.67502606,0.9150609374046326,0.674998,-0.0061374716
ANN,6.0,0.65997475,0.9196420311927795,0.65992147,-0.008400704
ANN,6.5,0.6456529,0.9236602783203125,0.6455459,-0.011753321
ANN,7.0,0.6399845,0.9255828857421875,0.6397725,-0.016488748
ANN,7.5,0.6329149,0.9275361895561218,0.63262117,-0.019278195
ANN,8.0,0.62581897,0.9294822216033936,0.6253353,-0.02458401
ANN,8.5,0.616011,0.9318795800209045,0.61541235,-0.027157582
ANN,9.0,0.60487777,0.9345446825027466,0.60417414,-0.02915416
ANN,9.5,0.5957559,0.9366953372955322,0.5952096,-0.02550438
ANN,10.0,0.5933189,0.9374637007713318,0.5928213,-0.02429415
BNN,0.01,1.1056118,0.782588005065918,1.1021457,0.087489955
BNN,0.02,1.0763959,0.7944375872612,1.0596389,0.18919528
BNN,0.022,1.1178501,0.7784218788146973,1.0968524,0.21564807
BNN,0.025,1.1339388,0.7723004221916199,1.1332014,-0.04089516
BNN,0.029,1.1583148,0.7633829116821289,1.1581624,-0.01878571
BNN,0.03,1.1305422,0.7748312950134277,1.1298474,0.039627753
BNN,0.032,1.1424162,0.7706324458122253,1.1418062,0.037285637
BNN,0.035,1.156698,0.765948474407196,1.156377,0.02727009
BNN,0.036,1.1722227,0.7599930167198181,1.1511555,0.22124246
BNN,0.04,1.1672782,0.7631124258041382,1.1566646,0.15705018
BNN,0.042,1.1663858,0.7642050385475159,1.1504834,0.19195205
BNN,0.044,1.170974,0.7629671096801758,1.166262,-0.10494215
BNN,0.045,1.1656432,0.7653003334999084,1.1489538,0.19653775
BNN,0.046,1.1728241,0.7626315951347351,1.1475922,0.24196756
BNN,0.048,1.217444,0.744781494140625,1.2135024,0.0978878
BNN,0.05,1.1545638,0.7709105610847473,1.1461873,0.13882107
BNN,0.055,1.2368789,0.7386729717254639,1.1788363,0.37445205
BNN,0.06,1.2055063,0.7531728744506836,1.1963787,0.14806765
BNN,0.065,1.2539335,0.7350527048110962,1.2308068,0.23971595
BNN,0.067,1.2003751,0.757910966873169,1.1951168,-0.11224727
BNN,0.07,1.2635816,0.7329130172729492,1.2618223,0.06664037
BNN,0.075,1.2479268,0.7414718866348267,1.2366326,-0.16752115
BNN,0.08,1.2590458,0.7391403913497925,1.2524917,-0.12829655
BNN,0.085,1.3551054,0.6997030377388,1.3166715,0.32044613
BNN,0.09,1.2987541,0.7258089780807495,1.2660557,0.2895972
BNN,0.095,1.3354964,0.711627721786499,1.3160136,0.22729106
BNN,0.1,1.3052554,0.7256397008895874,1.302829,-0.0795717
BNN,0.11,1.2450732,0.7512800097465515,1.2442054,0.0464482
BNN,0.12,1.3686332,0.6997814774513245,1.3066484,0.40721557
BNN,0.13,1.2971686,0.7304596900939941,1.2420219,0.37420142
BNN,0.133,1.3551925,0.705748975276947,1.353298,0.071618736
BNN,0.14,1.2883368,0.7338104248046875,1.2824794,-0.12271051
BNN,0.15,1.2698848,0.7406479120254517,1.2685558,0.058078263
BNN,0.16,1.268281,0.7407217025756836,1.2512274,-0.2072856
BNN,0.17,1.2245831,0.7577733993530273,1.2227634,0.06673319
BNN,0.18,1.2360697,0.7529358863830566,1.2344757,0.06276114
BNN,0.19,1.2490917,0.7474308013916016,1.24845,0.040020388
BNN,0.2,1.2980711,0.7251619696617126,1.2835952,0.19332047
BNN,0.22,1.229617,0.7501087784767151,1.2293175,0.02717311
BNN,0.24,1.21849,0.7518993020057678,1.2179208,-0.0372846
BNN,0.25,1.1834687,0.765321671962738,1.1763494,0.12962723
BNN,0.26,1.2043768,0.7564603686332703,1.1927611,-0.16687112
BNN,0.28,1.1489725,0.7773871421813965,1.1302577,0.20653267
BNN,0.29,1.2124689,0.7517939805984497,1.1964624,0.19636074
BNN,0.3,1.1703199,0.7683365941047668,1.1500427,0.21690874
BNN,0.32,1.1962404,0.7567886114120483,1.1893053,-0.12861253
BNN,0.34,1.2316695,0.7409399747848511,1.223588,0.14085859
BNN,0.35,1.1371078,0.7783430814743042,1.121058,0.1903761
BNN,0.36,1.1530585,0.7712060809135437,1.1518564,0.05264345
BNN,0.38,1.1509606,0.7703942656517029,1.1410913,0.15040222
BNN,0.4,1.0775796,0.7973180413246155,1.0773726,-0.02115577
BNN,0.42,1.1040531,0.7854508757591248,1.1040391,-0.005456243
BNN,0.44,1.0956782,0.787622332572937,1.0657983,-0.25413564
BNN,0.45,1.0442791,0.8065704107284546,1.0435803,-0.038209606
BNN,0.46,1.0720638,0.7957193851470947,1.0705987,0.056041576
BNN,0.48,1.0468929,0.8044266700744629,1.037757,0.1380035
BNN,0.5,1.0573033,0.7992547750473022,1.0553968,-0.063454814
BNN,0.55,1.0839735,0.7863367795944214,1.0600183,-0.22662975
BNN,0.6,1.0323337,0.8038281202316284,1.019882,-0.15985332
BNN,0.65,1.0210776,0.806147575378418,1.0060253,-0.17468189
BNN,0.667,1.024807,0.8042019009590149,1.0236632,-0.048399527
BNN,0.7,0.97381675,0.822504460811615,0.96750337,0.11071027
BNN,0.75,0.9829636,0.8177829384803772,0.9735096,-0.13600649
BNN,0.8,1.0175161,0.8039246201515198,0.98656243,-0.24906342
BNN,0.85,0.9795865,0.8170804977416992,0.9780781,-0.05432476
BNN,0.9,0.97474915,0.8182023167610168,0.9744571,-0.023826754
BNN,0.95,0.9418321,0.8296924233436584,0.9418315,-3.736375e-05
BNN,1.0,1.0031335,0.8058236837387085,1.0031257,-0.0037743137
BNN,1.1,0.9454857,0.8264496922492981,0.9454665,0.0058797994
BNN,1.2,0.97897285,0.8121353983879089,0.97709376,0.060625825
BNN,1.3,1.0146953,0.797065019607544,0.9973865,-0.18661737
BNN,1.4,0.9844177,0.8086228370666504,0.97725844,0.11850423
BNN,1.5,0.92208993,0.8313488364219666,0.9164334,0.101975426
BNN,1.6,0.93254614,0.8270794749259949,0.9299248,-0.06985885
BNN,1.7,0.93945223,0.8236798644065857,0.93458885,0.09547271
BNN,1.8,1.0111166,0.7957202196121216,0.99828595,-0.16056836
BNN,1.9,1.0094222,0.7969862222671509,0.985709,0.21751197
BNN,2.0,0.9026759,0.8379241824150085,0.9021996,0.02932958
BNN,2.2,0.95394856,0.81878662109375,0.95086324,-0.07667188
BNN,2.4,0.92900556,0.8291265964508057,0.91677964,0.15022041
BNN,2.5,0.9336404,0.8276271820068359,0.9321545,-0.05266327
BNN,2.6,0.87535733,0.8488715291023254,0.872664,0.06862272
BNN,2.8,0.94377416,0.8250257968902588,0.9428272,-0.042266395
BNN,3.0,0.9237227,0.8326083421707153,0.9204766,-0.07737367
BNN,3.2,0.9270916,0.8323094248771667,0.91786695,-0.13045068
BNN,3.4,0.89969647,0.8432249426841736,0.8958114,-0.08352078
BNN,3.5,0.9161182,0.8379786014556885,0.90226597,0.15871623
BNN,3.6,0.9353131,0.8312520980834961,0.93075514,-0.09222208
BNN,3.8,0.9542545,0.8246419429779053,0.9516012,-0.071116455
BNN,4.0,0.94384474,0.8291528820991516,0.93884516,-0.097020164
BNN,4.2,0.9450641,0.8290033340454102,0.9259357,-0.18918782
BNN,4.4,0.9108229,0.8416099548339844,0.9103593,0.029055206
BNN,4.6,0.9223819,0.8380919694900513,0.9187965,-0.08124799
BNN,4.8,0.91445583,0.8413706421852112,0.909129,-0.0985599
BNN,5.0,0.9101787,0.8433940410614014,0.90861166,0.05339327
BNN,5.5,0.8937684,0.8510922789573669,0.893702,0.010948296
BNN,6.0,0.9633613,0.8287811279296875,0.9545017,0.13034691
BNN,6.5,0.9085436,0.8488373756408691,0.890383,0.18074833
BNN,7.0,0.88267326,0.8584423065185547,0.88250726,0.017110603
BNN,7.5,0.8798063,0.859975278377533,0.87357813,-0.10450047
BNN,8.0,1.012329,0.8154796361923218,1.0019084,-0.14487068
BNN,8.5,0.9677204,0.8318876028060913,0.9644377,-0.07962877
BNN,9.0,0.956564,0.836304247379303,0.9565631,-0.00055685
BNN,9.5,0.9222557,0.848294198513031,0.9086968,0.15756251
BNN,10.0,0.90940654,0.8530826568603516,0.90906787,-0.024859576
BNN-Improved,0.01,0.95804244,0.8367524743080139,0.95587003,0.06447523
BNN-Improved,0.02,0.96984774,0.8331193923950195,0.96118,-0.12936941
BNN-Improved,0.022,0.9792472,0.8299626111984253,0.9626689,-0.17942485
BNN-Improved,0.025,0.9694732,0.8335613012313843,0.96894276,-0.032071713
BNN-Improved,0.029,0.98261833,0.8297204971313477,0.97050256,0.15383044
BNN-Improved,0.03,0.97653687,0.8319991230964661,0.9762992,0.021528406
BNN-Improved,0.032,0.9826898,0.8302866220474243,0.9804941,0.065663636
BNN-Improved,0.035,1.0164897,0.8192501664161682,0.98292345,-0.25905982
BNN-Improved,0.036,0.9898722,0.8288562893867493,0.9882158,-0.05721674
BNN-Improved,0.04,1.0094737,0.8228325843811035,0.99854225,0.14815657
BNN-Improved,0.042,1.0123426,0.822374701499939,1.0069402,0.104450524
BNN-Improved,0.044,1.007552,0.8245114088058472,1.0066866,0.04176292
BNN-Improved,0.045,1.0340066,0.8153165578842163,1.0107231,0.21819459
BNN-Improved,0.046,1.031345,0.8164454102516174,1.0137544,-0.18966514
BNN-Improved,0.048,1.0194565,0.8210414052009583,1.0161101,0.08254173
BNN-Improved,0.05,1.0243441,0.8196728825569153,1.0239576,-0.028142896
BNN-Improved,0.055,1.035261,0.8169246315956116,1.0352572,-0.0029834865
BNN-Improved,0.06,1.0540804,0.8112871050834656,1.0415947,-0.16175842
BNN-Improved,0.065,1.0654194,0.8087277412414551,1.0577077,-0.12795642
BNN-Improved,0.067,1.0609609,0.810879111289978,1.0605998,0.02767761
BNN-Improved,0.07,1.0730295,0.8073939085006714,1.071089,0.06451439
BNN-Improved,0.075,1.0947133,0.8010560274124146,1.0783039,0.1888327
BNN-Improved,0.08,1.0964319,0.8021721839904785,1.0962616,0.019347377
BNN-Improved,0.085,1.0957196,0.803662121295929,1.0937508,-0.0656679
BNN-Improved,0.09,1.1041034,0.8018389344215393,1.1040125,0.014105472
BNN-Improved,0.095,1.1105447,0.8005936145782471,1.1089808,0.058894712
BNN-Improved,0.1,1.1119678,0.8008803725242615,1.1115907,-0.028946716
BNN-Improved,0.11,1.1294078,0.7953448295593262,1.1137817,0.18722466
BNN-Improved,0.12,1.112212,0.8017382025718689,1.1111099,-0.049527254
BNN-Improved,0.13,1.1168368,0.8001928329467773,1.106824,0.1492189
BNN-Improved,0.133,1.107725,0.8034014701843262,1.1049554,-0.078287624
BNN-Improved,0.14,1.1223035,0.7979992628097534,1.0931824,0.254002
BNN-Improved,0.15,1.0899419,0.808940589427948,1.0895422,0.029536808
BNN-Improved,0.16,1.1001407,0.8049115538597107,1.0849568,-0.18215297
BNN-Improved,0.17,1.0881509,0.8087401390075684,1.0865204,0.059543025
BNN-Improved,0.18,1.0836859,0.8100976943969727,1.072675,-0.15409254
BNN-Improved,0.19,1.0690825,0.8149822354316711,1.0638454,-0.10568566
BNN-Improved,0.2,1.0713403,0.8127875328063965,1.0597622,-0.15708151
BNN-Improved,0.22,1.0454637,0.8193536996841431,1.0437694,0.059493072
BNN-Improved,0.24,1.0362816,0.8205516934394836,1.035206,-0.04719858
BNN-Improved,0.25,1.0276424,0.8230528831481934,1.0276132,0.0077990764
BNN-Improved,0.26,1.0261573,0.8232038021087646,1.0225927,-0.0854569
BNN-Improved,0.28,1.0149384,0.8262959718704224,1.0148929,-0.009543365
BNN-Improved,0.29,1.0053527,0.8293492794036865,1.0039659,-0.052779987
BNN-Improved,0.3,1.0109028,0.827150821685791,1.001227,-0.13953406
BNN-Improved,0.32,1.0239106,0.821814775466919,0.98434526,-0.28188345
BNN-Improved,0.34,0.97248054,0.8384993076324463,0.97247547,0.003168458
BNN-Improved,0.35,0.97021943,0.8386316299438477,0.9681645,0.06311344
BNN-Improved,0.36,0.9589498,0.8417538404464722,0.95859694,0.026001731
BNN-Improved,0.38,0.956102,0.8415581583976746,0.9559705,-0.015837723
BNN-Improved,0.4,0.9546163,0.8409353494644165,0.9440249,-0.14180776
BNN-Improved,0.42,0.93856156,0.8449496626853943,0.93856144,0.00057384506
BNN-Improved,0.44,0.9264607,0.8481563329696655,0.92618656,-0.022553781
BNN-Improved,0.45,0.9209623,0.8495564460754395,0.9177047,-0.077394105
BNN-Improved,0.46,0.9189911,0.8498905301094055,0.90883464,0.13625026
BNN-Improved,0.48,0.9075525,0.8530230522155762,0.90685815,-0.035510015
BNN-Improved,0.5,0.8989525,0.8548825979232788,0.8940537,0.09371696
BNN-Improved,0.55,0.892713,0.855084240436554,0.88618493,0.10776313
BNN-Improved,0.6,0.8750374,0.8590551614761353,0.87462753,0.026754936
BNN-Improved,0.65,0.8759398,0.8573400974273682,0.8695731,0.1054215
BNN-Improved,0.667,0.88232887,0.8548605442047119,0.8645922,-0.1760266
BNN-Improved,0.7,0.8614494,0.8611031174659729,0.86116904,-0.021984002
BNN-Improved,0.75,0.86070913,0.8602902293205261,0.8599795,0.035439312
BNN-Improved,0.8,0.86072177,0.8596972823143005,0.8563373,0.08676539
BNN-Improved,0.85,0.85072905,0.8620384335517883,0.8507079,0.0061003254
BNN-Improved,0.9,0.84239143,0.8642216920852661,0.842267,-0.014483733
BNN-Improved,0.95,0.841887,0.863919734954834,0.8407105,-0.04448975
BNN-Improved,1.0,0.84256256,0.8630119562149048,0.83519596,-0.11116951
BNN-Improved,1.1,0.82748836,0.8670650124549866,0.8267332,-0.035340242
BNN-Improved,1.2,0.8380485,0.8623291254043579,0.82549536,0.1445057
BNN-Improved,1.3,0.8364426,0.8621021509170532,0.82549363,-0.13489185
BNN-Improved,1.4,0.89138514,0.843085765838623,0.82824117,-0.3295212
BNN-Improved,1.5,0.8527271,0.8557674884796143,0.83607376,0.16770084
BNN-Improved,1.6,0.84859633,0.8568112850189209,0.8279163,-0.18619876
BNN-Improved,1.7,0.82777864,0.8631072044372559,0.82638127,-0.048081826
BNN-Improved,1.8,0.8374934,0.8598521947860718,0.8274647,0.12922065
BNN-Improved,1.9,0.84123415,0.8590019345283508,0.827819,-0.14963083
BNN-Improved,2.0,0.83931506,0.8598787188529968,0.8172577,0.19115067
BNN-Improved,2.2,0.8179223,0.8667817115783691,0.8149787,-0.06932772
BNN-Improved,2.4,0.8052347,0.871624231338501,0.7970663,0.114404626
BNN-Improved,2.5,0.79752207,0.8742249011993408,0.7960281,0.048785847
BNN-Improved,2.6,0.79914606,0.874041736125946,0.7918834,0.10749391
BNN-Improved,2.8,0.78647494,0.8784912824630737,0.7831852,0.07186112
BNN-Improved,3.0,0.77916825,0.8808996677398682,0.7787927,-0.024205908
BNN-Improved,3.2,0.7866379,0.8792704343795776,0.77618366,0.12782472
BNN-Improved,3.4,0.76799893,0.8857631683349609,0.7669282,-0.040543575
BNN-Improved,3.5,0.7802701,0.8824673295021057,0.77090305,0.12053986
BNN-Improved,3.6,0.78072715,0.8824228644371033,0.7680105,-0.14033757
BNN-Improved,3.8,0.764744,0.8873765468597412,0.7644089,0.022638468
BNN-Improved,4.0,0.7597829,0.889290452003479,0.7556496,-0.07913954
BNN-Improved,4.2,0.7722003,0.8858373761177063,0.75495344,-0.16229172
BNN-Improved,4.4,0.752514,0.8918840289115906,0.7465527,-0.094536185
BNN-Improved,4.6,0.74364424,0.8947610855102539,0.74362737,-0.0049534724
BNN-Improved,4.8,0.7395325,0.8962538242340088,0.7394926,-0.0076852157
BNN-Improved,5.0,0.74347675,0.8955063819885254,0.7294113,-0.14393441
BNN-Improved,5.5,0.71671873,0.9042444825172424,0.7161969,0.027337288
BNN-Improved,6.0,0.7045877,0.9084107875823975,0.7042333,-0.022357663
BNN-Improved,6.5,0.6939914,0.9118015766143799,0.6932463,-0.032148883
BNN-Improved,7.0,0.6922971,0.9129199385643005,0.6872556,-0.08339791
BNN-Improved,7.5,0.7075252,0.9094446897506714,0.6790094,-0.19884121
BNN-Improved,8.0,0.6726746,0.918527364730835,0.67267144,0.0021776943
BNN-Improved,8.5,0.67706907,0.9177061915397644,0.6648107,-0.12825936
BNN-Improved,9.0,0.6718665,0.9192437529563904,0.65637743,-0.14343339
BNN-Improved,9.5,0.6572172,0.9229598641395569,0.65048265,-0.09384503
BNN-Improved,10.0,0.7044213,0.9118501543998718,0.64259267,-0.28859076
CGAN,0.01,2.7870584,-0.3815610408782959,1.2899228,-2.4705896
CGAN,0.02,2.8726826,-0.464111328125,1.5611997,-2.4114206
CGAN,0.022,2.1355965,0.19127953052520752,1.1176229,-1.8198067
CGAN,0.025,2.1513693,0.18037909269332886,1.2381412,-1.759374
CGAN,0.029,3.651001,-1.3508009910583496,1.4730912,-3.3406277
CGAN,0.03,2.1894646,0.15547877550125122,1.3845601,-1.6961
CGAN,0.032,2.646685,-0.23108315467834473,1.9445307,-1.7954787
CGAN,0.035,2.2442515,0.11892032623291016,1.3474452,-1.7947311
CGAN,0.036,2.1032722,0.22732824087142944,1.5130855,-1.4609357
CGAN,0.04,3.1768236,-0.7546075582504272,1.8754979,-2.564122
CGAN,0.042,2.6207144,-0.19038772583007812,1.7529066,-1.9481916
CGAN,0.044,2.0515745,0.27240800857543945,1.4258602,-1.4750841
CGAN,0.045,2.6415946,-0.205352783203125,1.4067411,-2.235867
CGAN,0.046,1.7970008,0.4427449107170105,1.1754359,-1.3592502
CGAN,0.048,2.142957,0.2092462182044983,1.444032,-1.5833588
CGAN,0.05,2.4848237,-0.06111001968383789,1.4643086,-2.007523
CGAN,0.055,1.3185456,0.7030249834060669,1.312509,-0.12602195
CGAN,0.06,2.883826,-0.41251182556152344,1.389981,-2.5267386
CGAN,0.065,2.08173,0.26976972818374634,1.4673617,-1.4766343
CGAN,0.067,1.5568266,0.5927871465682983,1.4205365,-0.6370122
CGAN,0.07,2.6327477,-0.15948426723480225,1.6801485,-2.026934
CGAN,0.075,1.4589489,0.6466461420059204,1.2502943,-0.7518616
CGAN,0.08,2.5337515,-0.05645716190338135,1.373044,-2.1294708
CGAN,0.085,2.9516873,-0.42477262020111084,1.486756,-2.5499065
CGAN,0.09,3.6726692,-1.1926169395446777,1.6361401,-3.2880914
CGAN,0.095,2.6968908,-0.1759645938873291,1.8819169,-1.9317353
CGAN,0.1,2.3858905,0.08329325914382935,1.4481369,-1.8961505
CGAN,0.11,3.2150304,-0.6584075689315796,1.88307,-2.6058478
CGAN,0.12,3.1596026,-0.6000292301177979,1.4638557,-2.8000367
CGAN,0.13,2.374256,0.0970035195350647,1.3598019,-1.946285
CGAN,0.133,2.1035411,0.29104626178741455,1.2768642,-1.6716766
CGAN,0.14,2.694509,-0.1643732786178589,1.2277554,-2.3985424
CGAN,0.15,2.601576,-0.08851468563079834,1.3463798,-2.2260804
CGAN,0.16,2.5353053,-0.03608667850494385,1.6903813,-1.8895485
CGAN,0.17,1.8732787,0.4331738352775574,1.2204255,-1.4211732
CGAN,0.18,3.4683301,-0.9452027082443237,1.9707124,-2.854052
CGAN,0.19,2.2970123,0.1458808183670044,1.3287058,-1.8737131
CGAN,0.2,2.9235628,-0.39413464069366455,1.4698272,-2.527218
CGAN,0.22,2.845858,-0.3385598659515381,1.2278522,-2.5673501
CGAN,0.24,4.9735575,-3.1334991455078125,1.2812488,-4.805686
CGAN,0.25,2.7663946,-0.2822920083999634,1.1945455,-2.4951932
CGAN,0.26,2.6352808,-0.1659986972808838,1.4695878,-2.1874683
CGAN,0.28,2.1071599,0.25126779079437256,1.8586775,-0.99269617
CGAN,0.29,2.9911418,-0.5105847120285034,1.4697777,-2.6051269
CGAN,0.3,3.6694865,-1.2775044441223145,1.8610568,-3.1625302
CGAN,0.32,3.3017714,-0.8528540134429932,1.1925675,-3.0788765
CGAN,0.34,1.9064554,0.3793224096298218,1.698735,-0.86537176
CGAN,0.35,1.9408904,0.3542267680168152,1.4050806,-1.338955
CGAN,0.36,1.9929602,0.3164997100830078,1.48601,-1.3280293
CGAN,0.38,1.7695751,0.45725035667419434,1.3027029,-1.1976498
CGAN,0.4,1.4665916,0.624565601348877,1.1620036,-0.8947835
CGAN,0.42,1.4993688,0.6043018102645874,1.268309,-0.7996854
CGAN,0.44,3.0830693,-0.6815484762191772,1.6421766,-2.6093247
CGAN,0.45,1.9981569,0.2918110489845276,1.8050125,-0.8570688
CGAN,0.46,3.4675014,-1.137070894241333,2.1893744,-2.6889038
CGAN,0.48,2.520919,-0.1340261697769165,1.0618201,-2.2863874
CGAN,0.5,2.719083,-0.3276737928390503,1.5176429,-2.256144
CGAN,0.55,2.2548196,0.07548314332962036,1.3366028,-1.815955
CGAN,0.6,4.0240703,-1.9807658195495605,1.2840806,-3.8136995
CGAN,0.65,1.566655,0.5436474084854126,1.2391485,-0.9586032
CGAN,0.667,1.6343671,0.5020063519477844,1.148048,-1.1632462
CGAN,0.7,3.2375307,-0.9618260860443115,1.0834543,-3.0508568
CGAN,0.75,1.7909752,0.3950865864753723,1.2577704,-1.274993
CGAN,0.8,1.99899,0.24323350191116333,1.0901479,-1.675571
CGAN,0.85,1.4368287,0.6064631938934326,1.29825,-0.6156495
CGAN,0.9,3.2098143,-0.9713408946990967,1.2514182,-2.9558148
CGAN,0.95,1.3761398,0.6364094018936157,1.1035695,-0.8221292
CGAN,1.0,2.9354703,-0.6627780199050903,1.4005479,-2.5798192
CGAN,1.1,3.9741428,-2.0662150382995605,1.7786763,-3.5538888
CGAN,1.2,2.0221424,0.19845569133758545,0.98882294,-1.763885
CGAN,1.3,1.8812153,0.3024710416793823,1.255865,-1.4006323
CGAN,1.4,3.5865912,-1.5403573513031006,0.9694013,-3.4531004
CGAN,1.5,1.5540223,0.5209754705429077,1.1405534,-1.0555214
CGAN,1.6,2.5663717,-0.3096200227737427,1.3153671,-2.2036529
CGAN,1.7,1.7978567,0.35425281524658203,1.3667232,-1.1680576
CGAN,1.8,1.4935762,0.5542638897895813,0.94585675,-1.1559083
CGAN,1.9,3.2709403,-1.1316947937011719,1.2620693,-3.0176566
CGAN,2.0,1.9562876,0.2387622594833374,1.0506132,-1.6502341
CGAN,2.2,2.5491986,-0.2940375804901123,1.598656,-1.985627
CGAN,2.4,2.26583,-0.016464829444885254,1.2099112,-1.9157501
CGAN,2.5,2.3349004,-0.07806921005249023,1.0002465,-2.109804
CGAN,2.6,2.9431374,-0.7084262371063232,1.1420939,-2.712503
CGAN,2.8,2.8522327,-0.5981125831604004,1.246552,-2.5654097
CGAN,3.0,2.8430853,-0.5857341289520264,1.9852113,-2.0352118
CGAN,3.2,1.7936064,0.37234950065612793,0.9119937,-1.5444393
CGAN,3.4,2.5881598,-0.29738032817840576,1.8510177,-1.8089534
CGAN,3.5,2.1780522,0.08418923616409302,0.88173795,-1.9915963
CGAN,3.6,2.5923197,-0.2962883710861206,2.0565143,-1.578249
CGAN,3.8,2.2886465,-0.0086822509765625,0.8886246,-2.1090863
CGAN,4.0,1.8048668,0.3752639889717102,1.1086626,-1.424223
CGAN,4.2,2.586133,-0.2804596424102783,0.856495,-2.4401824
CGAN,4.4,3.1233065,-0.8624716997146606,1.3902353,-2.7968388
CGAN,4.6,2.2221549,0.060288429260253906,1.2343091,-1.8478217
CGAN,4.8,1.8976116,0.3169177174568176,1.186031,-1.4813042
CGAN,5.0,1.7120826,0.44587910175323486,1.2150682,-1.2061673
CGAN,5.5,1.5173037,0.5708470940589905,0.83338964,-1.2679427
CGAN,6.0,2.539061,-0.189378023147583,1.5831761,-1.9850396
CGAN,6.5,2.0799532,0.2077544927597046,1.4317482,-1.508742
CGAN,7.0,1.8712637,0.3637846112251282,1.3270291,-1.3193297
CGAN,7.5,2.7905269,-0.408650279045105,0.8084441,-2.6708558
CGAN,8.0,2.2859457,0.059121549129486084,1.7810782,-1.4329381
CGAN,8.5,1.4330196,0.6313586235046387,1.4208541,0.18632483
CGAN,9.0,1.2032142,0.7410022020339966,1.0394877,-0.6059632
CGAN,9.5,2.9151597,-0.5157378911972046,0.9553019,-2.754187
CGAN,10.0,1.8762254,0.3746451735496521,1.2034338,-1.4394377
CVAE,0.01,0.86746824,0.8661603927612305,0.85603386,-0.14038363
CVAE,0.02,0.87142134,0.8652726411819458,0.85580754,-0.16422129
CVAE,0.022,0.8743517,0.8644400835037231,0.8569534,-0.17355303
CVAE,0.025,0.8791724,0.863122820854187,0.8602184,-0.18157321
CVAE,0.029,0.88969225,0.8604041337966919,0.86764026,-0.19685747
CVAE,0.03,0.8822541,0.8628733158111572,0.8705634,-0.14314878
CVAE,0.032,0.89200795,0.8601635694503784,0.87433827,-0.17666392
CVAE,0.035,0.89283586,0.8605511784553528,0.87865216,-0.15851429
CVAE,0.036,0.8981525,0.8591023087501526,0.8845271,-0.15585263
CVAE,0.04,0.90161425,0.8586697578430176,0.88990194,-0.14485171
CVAE,0.042,0.91468346,0.8549922108650208,0.89745843,-0.17667575
CVAE,0.044,0.91625315,0.8548740744590759,0.9003334,-0.17005491
CVAE,0.045,0.9168413,0.8547987937927246,0.9030116,-0.15864542
CVAE,0.046,0.92295235,0.853000283241272,0.9076728,-0.1672488
CVAE,0.048,0.92078376,0.8540074825286865,0.9085984,-0.14930704
CVAE,0.05,0.92771393,0.8520900011062622,0.9150657,-0.15267193
CVAE,0.055,0.9396547,0.8491774201393127,0.92496437,-0.16550234
CVAE,0.06,0.95490456,0.8451275825500488,0.93894213,-0.1738667
CVAE,0.065,0.9677222,0.8421980738639832,0.94853556,-0.19174328
CVAE,0.067,0.96552765,0.8433713912963867,0.9488021,-0.17893939
CVAE,0.07,0.9802211,0.8392706513404846,0.959185,-0.20198967
CVAE,0.075,0.9839392,0.8392815589904785,0.968508,-0.17357129
CVAE,0.08,0.99577904,0.8368266820907593,0.97879654,-0.18311425
CVAE,0.085,1.002255,0.8357287645339966,0.9884351,-0.1658646
CVAE,0.09,1.008894,0.8345407843589783,0.99312973,-0.17765662
CVAE,0.095,1.0176458,0.83255934715271,0.99890065,-0.19442435
CVAE,0.1,1.0198469,0.8325058817863464,1.002851,-0.1854087
CVAE,0.11,1.0166384,0.8341735601425171,0.9995207,-0.1857702
CVAE,0.12,1.0163752,0.834433913230896,1.000366,-0.17968419
CVAE,0.13,1.010977,0.8362751603126526,0.9940149,-0.18442202
CVAE,0.133,1.0115262,0.8360651135444641,0.9935229,-0.18999465
CVAE,0.14,1.0007498,0.8393862247467041,0.98490435,-0.17737725
CVAE,0.15,0.99291104,0.8414441347122192,0.9820256,-0.14662637
CVAE,0.16,0.9913393,0.8415908813476562,0.9786636,-0.15802343
CVAE,0.17,0.99042004,0.8415527939796448,0.9766003,-0.16487722
CVAE,0.18,0.98158693,0.8441950082778931,0.9690237,-0.1565461
CVAE,0.19,0.9717,0.8471534252166748,0.95728135,-0.16677123
CVAE,0.2,0.97578174,0.8446948528289795,0.95466614,-0.20189959
CVAE,0.22,0.96396655,0.8464198708534241,0.94415504,-0.19443342
CVAE,0.24,0.9535267,0.848068118095398,0.93660337,-0.1788433
CVAE,0.25,0.9432981,0.8509072065353394,0.9260733,-0.17944042
CVAE,0.26,0.9449441,0.8500809073448181,0.92596114,-0.18845393
CVAE,0.28,0.92938936,0.8543447852134705,0.9168268,-0.15229222
CVAE,0.29,0.9237699,0.8559215664863586,0.9072077,-0.1741444
CVAE,0.3,0.92349285,0.8557499647140503,0.90129644,-0.20125613
CVAE,0.32,0.90774626,0.8599521517753601,0.89557797,-0.1481285
CVAE,0.34,0.8975913,0.8624153733253479,0.88443935,-0.15309444
CVAE,0.35,0.8975929,0.8618862628936768,0.87844944,-0.18438928
CVAE,0.36,0.8851398,0.8651764988899231,0.8737402,-0.14160065
CVAE,0.38,0.8825256,0.865005373954773,0.8647337,-0.17631698
CVAE,0.4,0.874736,0.8664419651031494,0.8585618,-0.1674332
CVAE,0.42,0.8651371,0.8682602643966675,0.8494699,-0.1638974
CVAE,0.44,0.8574837,0.869924783706665,0.84534013,-0.14379898
CVAE,0.45,0.85495484,0.8703489899635315,0.837102,-0.17380594
CVAE,0.46,0.8516887,0.8710717558860779,0.8333211,-0.17592707
CVAE,0.48,0.8415705,0.8736177682876587,0.82752895,-0.15309031
CVAE,0.5,0.8329068,0.8754227161407471,0.8236512,-0.123819634
CVAE,0.55,0.8214203,0.8773061037063599,0.8123986,-0.1214089
CVAE,0.6,0.8146877,0.8778260946273804,0.8057427,-0.12039391
CVAE,0.65,0.8088736,0.8783491849899292,0.80152285,-0.108804256
CVAE,0.667,0.8069692,0.8785945177078247,0.8007716,-0.099820875
CVAE,0.7,0.8120628,0.8765726089477539,0.8028106,-0.12223403
CVAE,0.75,0.80741477,0.8770558834075928,0.8034612,-0.079808235
CVAE,0.8,0.8083315,0.8762574195861816,0.80486786,-0.07474963
CVAE,0.85,0.8063211,0.8760658502578735,0.802676,-0.076580234
CVAE,0.9,0.8059582,0.875712513923645,0.8036634,-0.06077523
CVAE,0.95,0.8011278,0.8767772316932678,0.79832304,-0.066976815
CVAE,1.0,0.80213654,0.8758416771888733,0.7972084,-0.08878251
CVAE,1.1,0.79556483,0.8771241307258606,0.7927641,-0.06669678
CVAE,1.2,0.8029671,0.8736139535903931,0.7983591,-0.085895695
CVAE,1.3,0.8025481,0.8730514049530029,0.8006901,-0.054571018
CVAE,1.4,0.8063662,0.8715907335281372,0.8044848,-0.055056255
CVAE,1.5,0.80542463,0.8713253140449524,0.8025184,-0.06836337
CVAE,1.6,0.8125566,0.8687154650688171,0.8100742,-0.063462704
CVAE,1.7,0.81231976,0.8681725263595581,0.81081456,-0.049421992
CVAE,1.8,0.80757076,0.8696880340576172,0.80634797,-0.044428132
CVAE,1.9,0.8071874,0.8701839447021484,0.805517,-0.051900398
CVAE,2.0,0.8058891,0.8708170056343079,0.80474937,-0.0428534
CVAE,2.2,0.80240804,0.8717874884605408,0.80105513,-0.04658277
CVAE,2.4,0.79389924,0.875213086605072,0.7922489,-0.051168133
CVAE,2.5,0.7916021,0.876085102558136,0.7893918,-0.05911254
CVAE,2.6,0.7874073,0.8777149319648743,0.7849611,-0.062015504
CVAE,2.8,0.78119874,0.8801161050796509,0.776778,-0.08299442
CVAE,3.0,0.7694766,0.883844256401062,0.7664386,-0.06831188
CVAE,3.2,0.7685891,0.8847472667694092,0.7667989,-0.052423738
CVAE,3.4,0.7674134,0.8859371542930603,0.76492167,-0.061799653
CVAE,3.5,0.7652012,0.8869632482528687,0.7646696,-0.028507086
CVAE,3.6,0.7649486,0.8871272802352905,0.7621491,-0.065380685
CVAE,3.8,0.7571978,0.8895881772041321,0.7563462,-0.03589648
CVAE,4.0,0.75218236,0.8914942741394043,0.750771,-0.046051577
CVAE,4.2,0.7518143,0.8917854428291321,0.74875844,-0.067718245
CVAE,4.4,0.7492691,0.892814576625824,0.7444203,-0.08510377
CVAE,4.6,0.74342054,0.8948242664337158,0.73816234,-0.08826396
CVAE,4.8,0.7427974,0.8953356146812439,0.7356412,-0.10285848
CVAE,5.0,0.7312258,0.8989217281341553,0.7295862,-0.048934262
CVAE,5.5,0.7177926,0.9039572477340698,0.71634185,-0.04561152
CVAE,6.0,0.7051724,0.9082587957382202,0.7032434,-0.052125834
CVAE,6.5,0.6901998,0.9127627015113831,0.6851984,-0.0829426
CVAE,7.0,0.6865124,0.9143689870834351,0.68118817,-0.08533751
CVAE,7.5,0.6819837,0.9158646464347839,0.6793591,-0.059772003
CVAE,8.0,0.67106766,0.9189161658287048,0.6695291,-0.045423176
CVAE,8.5,0.668527,0.9197697043418884,0.66277194,-0.08752958
CVAE,9.0,0.65375346,0.9235393404960632,0.6523844,-0.0422892
CVAE,9.5,0.65151536,0.9242908358573914,0.6514021,-0.0121474285
CVAE,10.0,0.6452301,0.9260419607162476,0.64456135,-0.02937352
